{
  "entries": [
    {
      "title": "Understanding Identity Presentation in Medical Crowdfunding",
      "projectId":"medcrowdfunding",
      "year": 2018,
      "conference": "CHI 2018",
      "url": "http://social.cs.uiuc.edu/papers/Kim-CHI18.pdf",
      "authorIds": ["jgkim2", "hkong6", "kkarahal"],
      "awards": []
    },
    {
      "title": "Effects of Socially Stigmatized Crowdfunding Campaigns in Shaping Opinions",
      "projectId":"stigma_opinion",
      "year": 2018,
      "conference": "CHI 2018",
      "url": "http://social.cs.uiuc.edu/papers/StigmatizedCrowdfunding.pdf",
      "authorIds": ["sdey4", "kkarahal", "wfu"],
      "awards": ["Honorable Mention"]
    },
    {
      "title": "A Comparative Study of Visualizations with Different Granularities of Behavior for Communicating about Autism",
      "projectId":"plexlines",
      "year": 2018,
      "conference": "CSCW 2018",
      "url": "http://social.cs.uiuc.edu/papers/Kong-CSCW18.pdf",
      "authorIds": ["hkong6", "lee98", "kkarahal"],
      "awards": []
    },
    {
      "title": "The Power of Collective Endorsements: Credibility Factors in Medical Crowdfunding Campaigns",
      "projectId":"medcrowdfunding",
      "year": 2016,
      "conference": "CHI 2016",
      "url": "http://jennifergahee.com/publications/medicalcrowdfunding.chi16.kim.pdf",
      "authorIds": ["jgkim2", "hkong6", "kkarahal", "wfu", "honghwajun"],
      "awards": []
    }
  ]
}
